"Exp_rel_abundance","Name","Exp_Intensity","Fragments","Ion.type","Ion.num","Ref_Mass","Variant","Mutation","Delta.mass","ppm_error"
5.60196965617862,"b7HbS",77406,"b7","b",7,776.4301,"HbS","Glu6Val",-29.97418,1.13081654091374
3.66553188532919,"b8HbS",50649,"b8","b",8,904.5251,"HbS","Glu6Val",-29.97418,1.47038484620568
19.6997461216242,"b14HbS",272204,"b14","b",14,1446.8315,"HbS","Glu6Val",-29.97418,0.72779725901477
15.1557718973718,"b15HbS",209417,"b15","b",15,1632.9108,"HbS","Glu6Val",-29.97418,1.16234150694751
10.4885494194378,"b20HbS",144927,"b20","b",20,2130.207,"HbS","Glu6Val",-29.97418,1.86507696215187
12.3367666258493,"b21HbS",170465,"b21","b",21,2245.2339,"HbS","Glu6Val",-29.97418,0.950012379537817
12.6428246791782,"c7HbS",174694,"c7","c",7,793.4567,"HbS","Glu6Val",-29.97418,1.02967181460226
41.0460107514742,"c8HbS",567159,"c8","c",8,921.5516,"HbS","Glu6Val",-29.97418,1.42151562646029
8.00209008195321,"c9HbS",110570,"c9","c",9,1008.5837,"HbS","Glu6Val",-29.97418,0.446170208779626
5.15500476202883,"c11HbS",71230,"c11","c",11,1178.6892,"HbS","Glu6Val",-29.97418,3.47589508752738
3.65981455588653,"c12HbS",50570,"c12","c",12,1279.7369,"HbS","Glu6Val",-29.97418,3.46633749479404
13.0312412249849,"c15HbS",180061,"c15","c",15,1649.9374,"HbS","Glu6Val",-29.97418,0.984885850745797
